train_code,avg_volume
NS1,97544.70967741935
EW24,97544.70967741935
TE14,93129.13793103448
NS22,93129.13793103448
TE2,84289.046875
